Source,SS,DF,MS,F,p-unc,np2
Group,0.07734751055555569,2,0.038673755277777846,1.2494098464907697,0.2998820269331291,0.07039162751305729
Within,1.0214693983333334,33,0.030953618131313133,,,
