Source,SS,DF,MS,F,p-unc,np2
Group,0.05647795055555553,2,0.028238975277777766,0.8060958916242514,0.45519746441329556,0.0465787255931237
Within,1.1560487949999998,33,0.03503178166666666,,,
