Source,ddof1,ddof2,F,p-unc,ng2,eps
Time,2,22,4.26122120186651,0.027279561011313083,0.0233404238557697,0.7725594695736312
