Source,ddof1,ddof2,F,p-unc,ng2,eps
Time,2,22,11.73575717445873,0.00034002894859772747,0.03274807368448951,0.9178507290695804
