Source,SS,DF,MS,F,p-unc,np2
Group,0.1543742600000001,2,0.07718713000000005,3.2867471439131246,0.0499237747087134,0.16610851293585194
Within,0.7749836475000003,33,0.023484352954545464,,,
