Statistic,p-value
[0.24806402],[0.78175196]
