Source,ddof1,ddof2,F,p-unc,ng2,eps
Time,2,22,3.496371106237729,0.04802498683408021,0.01926387528057086,0.8471567891465351
