Sphericity,W,chi2,dof,p-value
False,0.7947437380095277,7.81100898619757,2,0.02013079608138407
