Source,SS,DF1,DF2,MS,F,p-unc,np2,eps
Group,0.26561826166666574,2,33,0.13280913083333287,1.5628746066991133,0.22464759486464622,0.08652413531783465,
Time,0.05572652055555571,2,66,0.027863260277777854,12.404946483524736,2.6702717895349994e-05,0.27320693986559136,0.8296990702613662
Interaction,0.022581459444445784,4,66,0.005645364861111446,2.5133616197064645,0.04981645340566463,0.13218922934182675,
