Statistic,p-value
0.25717344723795316,0.7737197049538129
