Statistic,p-value
0.9844079080202405,0.24004377767460688
