Statistic,p-value
[0.80609589],[0.45519746]
